alın,alın burun,belirgin,bir,burun,bölgemde,bölgesinde,bölgesinde yağlanma,cildim,cilt,cilt kuruması,duş,duş sonrası,dökülme,fazla,gergin,gözenekler,gün,gün içinde,havada,içinde,kuruluk,kuruması,olması,oluyor,parlama,problem,problem yok,sonra,sonrası,soğuk,soğuk havada,sürekli,yağlanma,yağlanma oluyor,yağlı,yok,yüz,yüz yıkama,yüzümü,yüzümü yıkadıktan,yıkadıktan,yıkadıktan sonra,yıkama,yıkama sonrası,label
0.0,0.0,0.0,0.4862813225968952,0.0,0.0,0.0,0.0,0.0,0.0,0.0,0.0,0.0,0.0,0.0,0.0,0.0,0.4038820208860546,0.4265795727597755,0.0,0.4265795727597755,0.0,0.0,0.0,0.0,0.4862813225968952,0.0,0.0,0.0,0.0,0.0,0.0,0.0,0.0,0.0,0.0,0.0,0.0,0.0,0.0,0.0,0.0,0.0,0.0,0.0,Normal
0.4105551667897488,0.446317867193264,0.0,0.0,0.4105551667897488,0.0,0.0,0.0,0.0,0.0,0.0,0.0,0.0,0.0,0.0,0.0,0.0,0.34098749580334725,0.36015047155876023,0.0,0.36015047155876023,0.0,0.0,0.0,0.0,0.0,0.0,0.0,0.0,0.0,0.0,0.0,0.0,0.29664806563722357,0.0,0.0,0.0,0.0,0.0,0.0,0.0,0.0,0.0,0.0,0.0,Normal
0.0,0.0,0.0,0.0,0.0,0.0,0.0,0.0,0.0,0.0,0.0,0.0,0.0,0.0,0.0,0.0,0.0,0.0,0.0,0.0,0.0,0.6573676840992395,0.0,0.0,0.5193992309044348,0.0,0.0,0.0,0.0,0.5459781743237399,0.0,0.0,0.0,0.0,0.0,0.0,0.0,0.0,0.0,0.0,0.0,0.0,0.0,0.0,0.0,Normal
0.0,0.0,0.0,0.0,0.0,0.0,0.0,0.0,0.0,0.0,0.0,0.0,0.0,0.0,0.7359780662667982,0.0,0.0,0.0,0.0,0.0,0.0,0.0,0.6770053810526061,0.0,0.0,0.0,0.0,0.0,0.0,0.0,0.0,0.0,0.0,0.0,0.0,0.0,0.0,0.0,0.0,0.0,0.0,0.0,0.0,0.0,0.0,Karma
0.0,0.0,0.0,0.0,0.0,0.0,0.4502512232504449,0.4894717736318461,0.0,0.0,0.0,0.0,0.0,0.0,0.0,0.0,0.0,0.37395714271253583,0.3949729622002294,0.0,0.3949729622002294,0.0,0.0,0.0,0.0,0.0,0.0,0.0,0.0,0.0,0.0,0.0,0.0,0.32533058948552784,0.0,0.0,0.0,0.0,0.0,0.0,0.0,0.0,0.0,0.0,0.0,Karma
0.0,0.0,0.0,0.0,0.0,0.0,0.0,0.0,0.0,0.0,0.0,0.0,0.0,0.0,0.0,0.0,0.0,0.0,0.0,0.5903396992481448,0.0,0.0,0.0,0.0,0.0,0.0,0.0,0.0,0.0,0.0,0.5504526128407602,0.5903396992481448,0.0,0.0,0.0,0.0,0.0,0.0,0.0,0.0,0.0,0.0,0.0,0.0,0.0,Karma
0.0,0.0,0.6081429520978554,0.0,0.0,0.0,0.0,0.0,0.0,0.0,0.0,0.0,0.0,0.0,0.0,0.0,0.0,0.0,0.0,0.0,0.0,0.0,0.0,0.6611171586300626,0.0,0.0,0.0,0.0,0.0,0.0,0.0,0.0,0.0,0.43941580806636693,0.0,0.0,0.0,0.0,0.0,0.0,0.0,0.0,0.0,0.0,0.0,Yağlı
0.0,0.0,0.0,0.0,0.0,0.0,0.0,0.0,0.0,0.0,0.0,0.0,0.0,0.0,0.0,0.0,0.0,0.0,0.0,0.0,0.0,0.0,0.0,0.0,0.0,0.0,0.0,0.0,0.0,0.36299369027375245,0.0,0.0,0.0,0.0,0.0,0.0,0.0,0.43705102646905897,0.47512173215004766,0.0,0.0,0.0,0.0,0.47512173215004766,0.47512173215004766,Yağlı
0.45614602516332664,0.4958800608246644,0.0,0.0,0.45614602516332664,0.0,0.0,0.0,0.0,0.0,0.0,0.0,0.0,0.0,0.0,0.0,0.0,0.0,0.0,0.0,0.0,0.0,0.0,0.0,0.36041001159737557,0.45614602516332664,0.0,0.0,0.0,0.0,0.0,0.0,0.0,0.0,0.0,0.0,0.0,0.0,0.0,0.0,0.0,0.0,0.0,0.0,0.0,Yağlı
0.0,0.0,0.0,0.0,0.0,0.0,0.0,0.0,0.0,0.0,0.0,0.5493090887984031,0.5493090887984031,0.0,0.0,0.0,0.0,0.0,0.0,0.0,0.0,0.0,0.0,0.0,0.4340199939120137,0.0,0.0,0.0,0.0,0.45622987058231046,0.0,0.0,0.0,0.0,0.0,0.0,0.0,0.0,0.0,0.0,0.0,0.0,0.0,0.0,0.0,Yağlı
0.0,0.0,0.0,0.0,0.0,0.0,0.0,0.0,0.0,0.0,0.0,0.0,0.0,0.0,0.0,0.0,0.0,0.0,0.0,0.0,0.0,0.0,0.0,0.9192275957605464,0.0,0.0,0.0,0.0,0.0,0.0,0.0,0.0,0.3064091985868488,0.0,0.0,0.24725296805832397,0.0,0.0,0.0,0.0,0.0,0.0,0.0,0.0,0.0,Karma
0.0,0.0,0.0,0.0,0.0,0.5802569644339458,0.0,0.0,0.0,0.0,0.0,0.0,0.0,0.0,0.0,0.0,0.0,0.0,0.0,0.0,0.0,0.0,0.0,0.0,0.4217358910001458,0.0,0.0,0.0,0.0,0.0,0.0,0.0,0.0,0.3856715554641258,0.5802569644339458,0.0,0.0,0.0,0.0,0.0,0.0,0.0,0.0,0.0,0.0,Karma
0.0,0.0,0.0,0.0,0.0,0.0,0.0,0.0,0.7071067811865476,0.0,0.0,0.0,0.0,0.0,0.0,0.0,0.0,0.0,0.0,0.0,0.0,0.0,0.0,0.0,0.0,0.0,0.0,0.0,0.0,0.0,0.7071067811865476,0.0,0.0,0.0,0.0,0.0,0.0,0.0,0.0,0.0,0.0,0.0,0.0,0.0,0.0,Karma
0.0,0.0,0.0,0.0,0.0,0.0,0.0,0.0,0.0,0.4354344301228477,0.4354344301228477,0.0,0.0,0.0,0.0,0.0,0.0,0.0,0.0,0.40054380123588973,0.0,0.0,0.40054380123588973,0.0,0.0,0.0,0.0,0.0,0.0,0.0,0.3734805269377426,0.40054380123588973,0.0,0.0,0.0,0.0,0.0,0.0,0.0,0.0,0.0,0.0,0.0,0.0,0.0,Kuru
0.0,0.0,0.0,0.0,0.0,0.0,0.0,0.0,0.0,0.0,0.0,0.0,0.0,0.0,0.0,0.0,0.0,0.5007545794749042,0.5288962209837287,0.0,0.5288962209837287,0.0,0.0,0.0,0.0,0.0,0.0,0.0,0.0,0.0,0.0,0.0,0.0,0.435640248362308,0.0,0.0,0.0,0.0,0.0,0.0,0.0,0.0,0.0,0.0,0.0,Kuru
0.0,0.0,0.0,0.0,0.0,0.0,0.0,0.0,0.0,0.4418472543866714,0.4418472543866714,0.4064427766719043,0.4064427766719043,0.0,0.0,0.0,0.0,0.0,0.0,0.0,0.0,0.0,0.4064427766719043,0.0,0.0,0.0,0.0,0.0,0.0,0.3375719411556856,0.0,0.0,0.0,0.0,0.0,0.0,0.0,0.0,0.0,0.0,0.0,0.0,0.0,0.0,0.0,Kuru
0.0,0.0,0.0,0.0,0.0,0.0,0.0,0.0,0.0,0.0,0.0,0.0,0.0,0.7359780662667982,0.0,0.0,0.0,0.0,0.0,0.0,0.0,0.0,0.0,0.0,0.0,0.0,0.0,0.0,0.6770053810526061,0.0,0.0,0.0,0.0,0.0,0.0,0.0,0.0,0.0,0.0,0.0,0.0,0.0,0.0,0.0,0.0,Kuru
0.0,0.0,0.0,0.0,0.0,0.0,0.0,0.0,0.0,0.0,0.0,0.0,0.0,0.0,0.0,1.0,0.0,0.0,0.0,0.0,0.0,0.0,0.0,0.0,0.0,0.0,0.0,0.0,0.0,0.0,0.0,0.0,0.0,0.0,0.0,0.0,0.0,0.0,0.0,0.0,0.0,0.0,0.0,0.0,0.0,Kuru
0.0,0.0,0.0,0.0,0.0,0.0,0.0,0.0,0.0,0.0,0.0,0.0,0.0,0.0,0.0,0.0,0.0,0.0,0.0,0.0,0.0,1.0,0.0,0.0,0.0,0.0,0.0,0.0,0.0,0.0,0.0,0.0,0.0,0.0,0.0,0.0,0.0,0.0,0.0,0.0,0.0,0.0,0.0,0.0,0.0,Kuru
0.0,0.0,0.0,0.0,0.0,0.0,0.0,0.0,0.0,0.0,0.0,0.0,0.0,0.0,0.0,0.0,0.8328221589348641,0.0,0.0,0.0,0.0,0.0,0.0,0.0,0.0,0.0,0.0,0.0,0.0,0.0,0.0,0.0,0.0,0.5535406503474447,0.0,0.0,0.0,0.0,0.0,0.0,0.0,0.0,0.0,0.0,0.0,Yağlı
0.0,0.0,0.0,0.8422294691100661,0.0,0.0,0.0,0.0,0.0,0.0,0.0,0.0,0.0,0.0,0.0,0.39266155780610007,0.0,0.0,0.0,0.0,0.0,0.0,0.0,0.0,0.0,0.0,0.0,0.0,0.0,0.0,0.0,0.0,0.0,0.0,0.0,0.36941361965128294,0.0,0.0,0.0,0.0,0.0,0.0,0.0,0.0,0.0,Yağlı
0.4890104687259544,0.0,0.0,0.0,0.4890104687259544,0.531607265214902,0.0,0.0,0.0,0.0,0.0,0.0,0.0,0.0,0.0,0.0,0.0,0.0,0.0,0.0,0.0,0.0,0.0,0.0,0.0,0.4890104687259544,0.0,0.0,0.0,0.0,0.0,0.0,0.0,0.0,0.0,0.0,0.0,0.0,0.0,0.0,0.0,0.0,0.0,0.0,0.0,Yağlı
0.0,0.0,0.0,0.0,0.0,0.0,0.0,0.0,0.0,0.0,0.0,0.0,0.0,0.7359780662667982,0.0,0.0,0.0,0.0,0.0,0.0,0.0,0.6770053810526061,0.0,0.0,0.0,0.0,0.0,0.0,0.0,0.0,0.0,0.0,0.0,0.0,0.0,0.0,0.0,0.0,0.0,0.0,0.0,0.0,0.0,0.0,0.0,Yağlı
0.0,0.0,0.0,0.0,0.0,0.0,0.0,0.0,0.0,0.0,0.0,0.0,0.0,0.0,0.0,0.0,0.0,0.0,0.0,0.0,0.0,0.0,0.0,0.0,0.0,0.0,0.5927479304391474,0.5927479304391474,0.0,0.0,0.0,0.0,0.0,0.0,0.0,0.0,0.5452520352279443,0.0,0.0,0.0,0.0,0.0,0.0,0.0,0.0,Normal
0.0,0.0,0.359739775785747,0.359739775785747,0.0,0.0,0.0,0.0,0.0,0.0,0.0,0.0,0.0,0.0,0.0,0.0,0.0,0.0,0.0,0.0,0.0,0.0,0.0,0.0,0.0,0.0,0.0,0.0,0.359739775785747,0.0,0.0,0.0,0.0,0.0,0.0,0.0,0.0,0.0,0.0,0.3910760415676411,0.3910760415676411,0.3910760415676411,0.3910760415676411,0.0,0.0,Normal
0.0,0.0,0.0,0.0,0.0,0.0,0.0,0.0,0.4887977754302867,0.0,0.0,0.0,0.0,0.0,0.0,0.0,0.0,0.0,0.0,0.0,0.0,0.0,0.0,0.0,0.0,0.0,0.0,0.0,0.0,0.0,0.0,0.0,0.0,0.0,0.0,0.45985799197680455,0.5242172078201287,0.5242172078201287,0.0,0.0,0.0,0.0,0.0,0.0,0.0,Normal
0.0,0.0,0.0,0.0,0.0,0.0,0.0,0.0,0.0,0.0,0.0,0.0,0.0,0.0,0.0,0.0,0.0,0.0,0.0,0.40054380123588973,0.0,0.0,0.0,0.0,0.0,0.0,0.4354344301228477,0.4354344301228477,0.0,0.0,0.3734805269377426,0.40054380123588973,0.0,0.0,0.0,0.0,0.40054380123588973,0.0,0.0,0.0,0.0,0.0,0.0,0.0,0.0,Normal
0.0,0.0,0.0,0.0,0.0,0.0,0.0,0.0,0.0,0.0,0.0,0.0,0.0,0.0,0.0,0.7467240529300486,0.0,0.6651339630297961,0.0,0.0,0.0,0.0,0.0,0.0,0.0,0.0,0.0,0.0,0.0,0.0,0.0,0.0,0.0,0.0,0.0,0.0,0.0,0.0,0.0,0.0,0.0,0.0,0.0,0.0,0.0,Normal
0.0,0.0,0.0,0.0,0.0,0.0,0.0,0.0,0.3412491525536857,0.0,0.0,0.0,0.0,0.0,0.0,0.3412491525536857,0.0,0.0,0.0,0.0,0.0,0.0,0.0,0.0,0.0,0.0,0.0,0.0,0.3659768659241612,0.0,0.0,0.0,0.0,0.0,0.0,0.0,0.0,0.0,0.0,0.3978564330795441,0.3978564330795441,0.3978564330795441,0.3978564330795441,0.0,0.0,Normal
0.0,0.0,0.0,0.0,0.0,0.0,0.0,0.0,0.0,0.0,0.0,0.0,0.0,0.0,0.0,0.0,0.0,0.0,0.0,0.0,0.0,0.0,0.0,0.0,0.0,0.0,0.0,0.0,0.0,0.0,0.0,0.0,0.0,0.0,0.0,0.0,0.0,0.0,0.0,0.0,0.0,0.0,0.0,0.0,0.0,Normal
0.0,0.0,0.0,0.0,0.0,0.0,0.0,0.0,0.0,0.0,0.0,0.0,0.0,0.0,0.0,0.0,1.0,0.0,0.0,0.0,0.0,0.0,0.0,0.0,0.0,0.0,0.0,0.0,0.0,0.0,0.0,0.0,0.0,0.0,0.0,0.0,0.0,0.0,0.0,0.0,0.0,0.0,0.0,0.0,0.0,Normal
0.0,0.0,0.0,0.0,0.0,0.0,0.0,0.0,1.0,0.0,0.0,0.0,0.0,0.0,0.0,0.0,0.0,0.0,0.0,0.0,0.0,0.0,0.0,0.0,0.0,0.0,0.0,0.0,0.0,0.0,0.0,0.0,0.0,0.0,0.0,0.0,0.0,0.0,0.0,0.0,0.0,0.0,0.0,0.0,0.0,Karma
0.0,0.0,0.0,0.0,0.0,0.0,0.0,0.0,0.0,0.0,0.0,0.0,0.0,0.0,0.0,0.0,0.0,0.0,0.0,0.0,0.0,0.0,0.0,0.0,0.5178273161344307,0.0,0.0,0.0,0.0,0.0,0.0,0.0,0.0,0.4735458156093014,0.7124670035755578,0.0,0.0,0.0,0.0,0.0,0.0,0.0,0.0,0.0,0.0,Karma
0.0,0.0,0.4814537575767113,0.0,0.0,0.0,0.0,0.0,0.0,0.0,0.0,0.4814537575767113,0.4814537575767113,0.0,0.0,0.0,0.0,0.0,0.0,0.0,0.0,0.0,0.0,0.0,0.38040615237125464,0.0,0.0,0.0,0.0,0.3998724761519523,0.0,0.0,0.0,0.0,0.0,0.0,0.0,0.0,0.0,0.0,0.0,0.0,0.0,0.0,0.0,Karma
0.0,0.0,0.0,0.0,0.0,0.0,0.0,0.0,0.0,0.0,0.0,0.0,0.0,0.0,0.0,0.0,0.0,0.0,0.0,0.0,0.0,0.0,0.0,0.0,0.0,0.0,0.0,0.0,0.0,0.0,0.0,0.0,1.0,0.0,0.0,0.0,0.0,0.0,0.0,0.0,0.0,0.0,0.0,0.0,0.0,Yağlı
0.0,0.0,0.0,0.0,0.0,0.0,0.36686640230066153,0.0,0.0,0.0,0.0,0.0,0.0,0.0,0.39882345532275404,0.0,0.0,0.30470169646884465,0.3218254657974217,0.0,0.3218254657974217,0.0,0.0,0.0,0.5797368255506584,0.0,0.0,0.0,0.0,0.0,0.0,0.0,0.0,0.2650805966972819,0.0,0.0,0.0,0.0,0.0,0.0,0.0,0.0,0.0,0.0,0.0,Karma
0.0,0.0,0.0,0.0,0.0,0.0,0.0,0.0,0.0,0.0,0.0,0.0,0.0,0.0,0.0,0.0,0.0,0.0,0.0,0.0,0.0,0.0,0.0,0.0,0.0,0.0,0.0,0.0,0.0,0.0,0.0,0.0,0.0,0.0,0.0,1.0,0.0,0.0,0.0,0.0,0.0,0.0,0.0,0.0,0.0,Yağlı
0.0,0.0,0.0,0.0,0.0,0.0,0.0,0.0,0.0,0.0,0.0,0.0,0.0,0.0,0.0,0.0,0.0,0.0,0.0,0.0,0.0,0.0,0.0,0.0,0.0,0.0,0.0,0.0,0.0,0.338937146288438,0.0,0.0,0.0,0.0,0.0,0.3579848955369324,0.0,0.4080865085620104,0.44363416871822436,0.0,0.0,0.0,0.0,0.44363416871822436,0.44363416871822436,Yağlı
0.0,0.0,0.0,0.0,0.0,0.0,0.6081429520978554,0.6611171586300626,0.0,0.0,0.0,0.0,0.0,0.0,0.0,0.0,0.0,0.0,0.0,0.0,0.0,0.0,0.0,0.0,0.0,0.0,0.0,0.0,0.0,0.0,0.0,0.0,0.0,0.43941580806636693,0.0,0.0,0.0,0.0,0.0,0.0,0.0,0.0,0.0,0.0,0.0,Karma
0.0,0.0,0.02715956669343302,0.0,0.0,0.0,0.0,0.0,0.0,0.0,0.0,0.02715956669343302,0.02715956669343302,0.0,0.0,0.0,0.0,0.0,0.0,0.0,0.0,0.0,0.0,0.0,0.5100751712948082,0.0,0.0,0.0,0.0,0.022557437789208122,0.0,0.0,0.0,0.4468323484091047,0.6722756148991539,0.0,0.0,0.0,0.0,0.0,0.0,0.0,0.0,0.0,0.0,Karma
0.0,0.0,0.0,0.0,0.0,0.0,0.433941579367506,0.18379138177462578,0.0,0.0,0.0,0.0,0.0,0.0,0.28795004509424127,0.0,0.0,0.21999425075812454,0.23235759118993748,0.0,0.23235759118993748,0.0,0.0,0.0,0.4185692762854417,0.0,0.0,0.0,0.0,0.0,0.0,0.0,0.0,0.31354599949501016,0.0,0.0,0.0,0.0,0.0,0.0,0.0,0.0,0.0,0.0,0.0,Karma
0.0,0.0,0.0,0.0,0.0,0.0,0.0,0.0,0.043449796140506036,0.0,0.0,0.0,0.0,0.0,0.0,0.0,0.0,0.0,0.0,0.0,0.0,0.0,0.0,0.8627435502030957,0.0,0.0,0.0,0.0,0.0,0.0,0.043449796140506036,0.0,0.2875811834010319,0.0,0.0,0.23205994298332472,0.0,0.0,0.0,0.0,0.0,0.0,0.0,0.0,0.0,Karma
0.0,0.0,0.0,0.0,0.0,0.000451884302911823,0.0,0.0,0.0,0.0,0.0,0.0,0.0,0.0,0.0,0.0,0.0,0.0,0.0,0.5898799628557756,0.0,0.0,0.0,0.0,0.00032843350584065565,0.0,0.0,0.0,0.0,0.0,0.5500239391487827,0.5898799628557756,0.0,0.0003003478332463241,0.000451884302911823,0.0,0.0,0.0,0.0,0.0,0.0,0.0,0.0,0.0,0.0,Karma
0.0,0.0,0.0037497740449067285,0.0,0.0,0.575737667470594,0.0,0.0,0.0,0.0,0.0,0.0037497740449067285,0.0037497740449067285,0.0,0.0,0.0,0.0,0.0,0.0,0.0,0.0,0.0,0.0,0.0,0.4214139967813252,0.0,0.0,0.0,0.0,0.0031143830715835152,0.0,0.0,0.0,0.3826677754213295,0.575737667470594,0.0,0.0,0.0,0.0,0.0,0.0,0.0,0.0,0.0,0.0,Karma
0.0,0.0,0.0,0.0,0.0,0.0,0.17222941820603416,0.18723200392949785,0.0,0.0,0.0,0.0,0.0,0.0,0.0,0.0,0.0,0.14304552169433177,0.15108446123870076,0.0,0.15108446123870076,0.0,0.0,0.0,0.31974879289315705,0.0,0.0,0.0,0.0,0.0,0.0,0.0,0.0,0.4168507510622489,0.43993520092777116,0.0,0.0,0.0,0.0,0.0,0.0,0.0,0.0,0.0,0.0,Karma
0.0,0.0,0.0,0.0,0.0,0.22534095824258688,0.0,0.0,0.0,0.0,0.0,0.0,0.0,0.0,0.0,0.0,0.0,0.0,0.0,0.0,0.0,0.0,0.0,0.0,0.48051051487935414,0.0,0.0,0.0,0.0,0.0,0.0,0.0,0.0,0.43942012440749184,0.6611236527231921,0.0,0.0,0.0,0.0,0.0,0.0,0.0,0.0,0.0,0.0,Karma
0.0,0.0,0.003402099200216874,0.0,0.0,0.0,0.0,0.0,0.0,0.0,0.0,0.003402099200216874,0.003402099200216874,0.0,0.0,0.0,0.0,0.0,0.0,0.0,0.0,0.0,0.0,0.0,0.5168562562476313,0.0,0.0,0.0,0.0,0.0028256209654538645,0.0,0.0,0.0,0.4701995963406861,0.7074324942693154,0.0,0.0,0.0,0.0,0.0,0.0,0.0,0.0,0.0,0.0,Karma
0.0,0.0,0.0,0.0,0.0,0.013382132747017324,0.0,0.0,0.0,0.0,0.0,0.0,0.0,0.0,0.0,0.0,0.0,0.0,0.0,0.0,0.0,0.0,0.0,0.898027978237318,0.00972625237346555,0.0,0.0,0.0,0.0,0.0,0.0,0.0,0.2993426594124393,0.008894521338497621,0.013382132747017324,0.2415507150162113,0.0,0.0,0.0,0.0,0.0,0.0,0.0,0.0,0.0,Karma
0.0,0.0,0.0,0.0,0.0,0.2757528130605577,0.3191380110756859,0.34693753231108265,0.0,0.0,0.0,0.0,0.0,0.0,0.0,0.0,0.0,0.0,0.0,0.0,0.0,0.0,0.0,0.0,0.20041958208177524,0.0,0.0,0.0,0.0,0.0,0.0,0.0,0.0,0.41387517736430796,0.2757528130605577,0.0,0.0,0.0,0.0,0.0,0.0,0.0,0.0,0.0,0.0,Karma
0.0,0.0,0.0,0.0,0.0,0.0,0.0,0.0,0.2827444046316994,0.0,0.0,0.0,0.0,0.0,0.0,0.0,0.0,0.0,0.0,0.35428589346468997,0.0,0.0,0.0,0.0,0.0,0.0,0.0,0.0,0.0,0.0,0.613092500818752,0.35428589346468997,0.0,0.0,0.0,0.0,0.0,0.0,0.0,0.0,0.0,0.0,0.0,0.0,0.0,Karma
0.0,0.0,0.0,0.0,0.0,0.0,0.0,0.0,0.03299760690691508,0.0,0.0,0.0,0.0,0.0,0.0,0.0,0.0,0.0,0.0,0.5627911056614039,0.0,0.0,0.0,0.0,0.0,0.0,0.0,0.0,0.0,0.0,0.5577629835017938,0.5627911056614039,0.0,0.0,0.0,0.0,0.0,0.0,0.0,0.0,0.0,0.0,0.0,0.0,0.0,Karma
0.0,0.0,0.4688182535072806,0.0,0.0,0.015228542970198822,0.0,0.0,0.0,0.0,0.0,0.4688182535072806,0.4688182535072806,0.0,0.0,0.0,0.0,0.0,0.0,0.0,0.0,0.0,0.0,0.0,0.381490829917988,0.0,0.0,0.0,0.0,0.38937803048576336,0.0,0.0,0.0,0.010121749870763364,0.015228542970198822,0.0,0.0,0.0,0.0,0.0,0.0,0.0,0.0,0.0,0.0,Karma
0.0,0.0,0.0,0.0,0.0,0.0,0.4665847019647953,0.5072280314342689,0.0,0.0,0.0,0.0,0.0,0.0,0.0,0.0,0.0,0.0,0.0,0.0,0.0,0.0,0.0,0.0,0.12053535848803833,0.0,0.0,0.0,0.0,0.0,0.0,0.0,0.0,0.4473602956710322,0.16584189943464495,0.0,0.0,0.0,0.0,0.0,0.0,0.0,0.0,0.0,0.0,Karma
0.0,0.0,0.0,0.0,0.0,0.052575014660197636,0.0,0.0,0.0,0.0,0.0,0.0,0.0,0.0,0.0,0.0,0.0,0.0,0.0,0.0,0.0,0.0,0.0,0.0,0.5091208147138356,0.0,0.0,0.0,0.0,0.0,0.0,0.0,0.0,0.4655838422103375,0.7004879233194916,0.0,0.0,0.0,0.0,0.0,0.0,0.0,0.0,0.0,0.0,Karma
0.0,0.0,0.0,0.0,0.0,0.0,0.2784290571431836,0.30268249677738557,0.0,0.0,0.0,0.0,0.0,0.0,0.0,0.0,0.0,0.23124986514360885,0.2442457538894682,0.0,0.2442457538894682,0.0,0.0,0.0,0.19761014858639708,0.0,0.0,0.0,0.0,0.0,0.0,0.0,0.0,0.38189159340421996,0.2718873764529662,0.0,0.0,0.0,0.0,0.0,0.0,0.0,0.0,0.0,0.0,Karma
0.0,0.0,0.18413776282584685,0.0,0.0,0.3583307303698997,0.0,0.0,0.0,0.0,0.0,0.18413776282584685,0.18413776282584685,0.0,0.0,0.0,0.0,0.0,0.0,0.0,0.0,0.0,0.0,0.0,0.4059288368655887,0.0,0.0,0.0,0.0,0.15293602348200672,0.0,0.0,0.0,0.23816684438621225,0.3583307303698997,0.0,0.0,0.0,0.0,0.0,0.0,0.0,0.0,0.0,0.0,Karma
0.0,0.0,0.0,0.0,0.0,0.0,0.4427009090721249,0.48126376556545974,0.0,0.0,0.0,0.0,0.0,0.0,0.012341700236927156,0.0,0.0,0.3676862126830221,0.38834961549386265,0.0,0.38834961549386265,0.0,0.011352780544290009,0.0,0.0,0.0,0.0,0.0,0.0,0.0,0.0,0.0,0.0,0.31987508367990014,0.0,0.0,0.0,0.0,0.0,0.0,0.0,0.0,0.0,0.0,0.0,Karma
0.0,0.0,0.0,0.0,0.0,0.30941454488746706,0.17123962337333415,0.0,0.0,0.0,0.0,0.0,0.0,0.0,0.18615598990160515,0.0,0.0,0.14222344542136572,0.15021618553648336,0.0,0.15021618553648336,0.0,0.0,0.0,0.4954848643468278,0.0,0.0,0.0,0.0,0.0,0.0,0.0,0.0,0.3293841706505659,0.30941454488746706,0.0,0.0,0.0,0.0,0.0,0.0,0.0,0.0,0.0,0.0,Karma
0.0,0.0,0.0,0.0,0.0,0.0,0.0,0.0,0.0,0.36247418690689004,0.36247418690689004,0.0,0.0,0.0,0.0,0.0,0.0,0.08390511494391029,0.08862045407867014,0.33342973965704326,0.08862045407867014,0.0,0.33342973965704326,0.0,0.0,0.0,0.0,0.0,0.0,0.0,0.3109011161315875,0.33342973965704326,0.0,0.07299472957663672,0.0,0.0,0.0,0.0,0.0,0.0,0.0,0.0,0.0,0.0,0.0,Kuru
0.0,0.0,0.0,0.0,0.0,0.0,0.0,0.0,0.0,0.0,0.0,0.0,0.0,0.5797011381969889,0.0,0.0,0.0,0.0,0.0,0.0,0.0,0.21233911067827616,0.0,0.0,0.0,0.0,0.0,0.0,0.5332506605154883,0.0,0.0,0.0,0.0,0.0,0.0,0.0,0.0,0.0,0.0,0.0,0.0,0.0,0.0,0.0,0.0,Kuru
0.0,0.0,0.0,0.0,0.0,0.0,0.0,0.0,0.0,0.0,0.0,0.0,0.0,0.1338191877641059,0.0,0.0,0.0,0.0,0.0,0.0,0.0,0.8181750327928994,0.0,0.0,0.0,0.0,0.0,0.0,0.12309648120892076,0.0,0.0,0.0,0.0,0.0,0.0,0.0,0.0,0.0,0.0,0.0,0.0,0.0,0.0,0.0,0.0,Kuru
0.0,0.0,0.0,0.0,0.0,0.0,0.0,0.0,0.0,0.36081047526579846,0.36081047526579846,0.3318993384329251,0.3318993384329251,0.0,0.0,0.0,0.0,0.0,0.0,0.0,0.0,0.18340450985343382,0.3318993384329251,0.0,0.0,0.0,0.0,0.0,0.0,0.2756597247477549,0.0,0.0,0.0,0.0,0.0,0.0,0.0,0.0,0.0,0.0,0.0,0.0,0.0,0.0,0.0,Kuru
0.0,0.0,0.0,0.0,0.0,0.0,0.0,0.0,0.0,0.43989620234894034,0.43989620234894034,0.28278571466254165,0.28278571466254165,0.0,0.0,0.0,0.0,0.0,0.0,0.12186234449154634,0.0,0.0,0.404648059154088,0.0,0.0,0.0,0.0,0.0,0.0,0.23486829661827474,0.11362855321724885,0.12186234449154634,0.0,0.0,0.0,0.0,0.0,0.0,0.0,0.0,0.0,0.0,0.0,0.0,0.0,Kuru
0.0,0.0,0.0,0.0,0.0,0.0,0.0,0.0,0.0,0.0,0.0,0.0,0.0,0.3862092238137597,0.0,0.0,0.0,0.2379803932261516,0.2513545273565317,0.0,0.2513545273565317,0.0,0.0,0.0,0.0,0.0,0.0,0.0,0.35526292795698905,0.0,0.0,0.0,0.0,0.20703522615632142,0.0,0.0,0.0,0.0,0.0,0.0,0.0,0.0,0.0,0.0,0.0,Kuru
0.0,0.0,0.0,0.0,0.0,0.0,0.0,0.0,0.0,0.0,0.0,0.0,0.0,0.31790205955380046,0.0,0.0,0.0,0.0,0.0,0.0,0.0,0.5680549813578842,0.0,0.0,0.0,0.0,0.0,0.0,0.2924291019395806,0.0,0.0,0.0,0.0,0.0,0.0,0.0,0.0,0.0,0.0,0.0,0.0,0.0,0.0,0.0,0.0,Kuru
0.0,0.0,0.0,0.0,0.0,0.0,0.0,0.0,0.0,0.12681119469730132,0.12681119469730132,0.0,0.0,0.0,0.0,0.7087708598019581,0.0,0.0,0.0,0.11665002684558357,0.0,0.0,0.11665002684558357,0.0,0.0,0.0,0.0,0.0,0.0,0.0,0.10876841274079041,0.11665002684558357,0.0,0.0,0.0,0.0,0.0,0.0,0.0,0.0,0.0,0.0,0.0,0.0,0.0,Kuru
0.0,0.0,0.0,0.0,0.0,0.0,0.0,0.0,0.0,0.26642181653245406,0.26642181653245406,0.0,0.0,0.0,0.0,0.0,0.0,0.19436644047769625,0.20528953716710702,0.24507388424928453,0.20528953716710702,0.0,0.24507388424928453,0.0,0.0,0.0,0.0,0.0,0.0,0.0,0.22851514152929742,0.24507388424928453,0.0,0.16909250134425352,0.0,0.0,0.0,0.0,0.0,0.0,0.0,0.0,0.0,0.0,0.0,Kuru
0.0,0.0,0.0,0.0,0.0,0.0,0.0,0.0,0.0,0.060740429718657764,0.060740429718657764,0.0,0.0,0.0,0.0,0.0,0.0,0.0,0.0,0.05587340119463834,0.0,0.8605061393479582,0.05587340119463834,0.0,0.0,0.0,0.0,0.0,0.0,0.0,0.05209824058090462,0.05587340119463834,0.0,0.0,0.0,0.0,0.0,0.0,0.0,0.0,0.0,0.0,0.0,0.0,0.0,Kuru
0.0,0.0,0.0,0.0,0.0,0.0,0.0,0.0,0.0,0.0,0.0,0.0,0.0,0.520966012767655,0.0,0.29214464853521815,0.0,0.0,0.0,0.0,0.0,0.0,0.0,0.0,0.0,0.0,0.0,0.0,0.47922188194854104,0.0,0.0,0.0,0.0,0.0,0.0,0.0,0.0,0.0,0.0,0.0,0.0,0.0,0.0,0.0,0.0,Kuru
0.0,0.0,0.0,0.0,0.0,0.0,0.0,0.0,0.0,0.0,0.0,0.0,0.0,0.0,0.0,0.6336381567063083,0.0,0.18345737077418334,0.19376739443066654,0.0,0.19376739443066654,0.0,0.0,0.0,0.0,0.0,0.0,0.0,0.0,0.0,0.0,0.0,0.0,0.15960196440293684,0.0,0.0,0.0,0.0,0.0,0.0,0.0,0.0,0.0,0.0,0.0,Kuru
0.0,0.0,0.0,0.0,0.0,0.0,0.0,0.0,0.0,0.4389225577258827,0.4389225577258827,0.22107642593002066,0.22107642593002066,0.0,0.0,0.0,0.0,0.0,0.0,0.18267600510788382,0.0,0.0,0.4037524310379045,0.0,0.0,0.0,0.0,0.0,0.0,0.1836155112806979,0.17033325802586652,0.18267600510788382,0.0,0.0,0.0,0.0,0.0,0.0,0.0,0.0,0.0,0.0,0.0,0.0,0.0,Kuru
0.0,0.0,0.0,0.0,0.0,0.0,0.0,0.0,0.0,0.4368120589300792,0.4368120589300792,0.0873136787472959,0.0873136787472959,0.0,0.0,0.0,0.0,0.0,0.0,0.31449736421540186,0.0,0.0,0.4018110429626978,0.0,0.0,0.0,0.0,0.0,0.0,0.07251856771946436,0.2932479317999113,0.31449736421540186,0.0,0.0,0.0,0.0,0.0,0.0,0.0,0.0,0.0,0.0,0.0,0.0,0.0,Kuru
0.0,0.0,0.0,0.0,0.0,0.0,0.0,0.0,0.0,0.0,0.0,0.0,0.0,0.1469555240770875,0.0,0.8003262178416403,0.0,0.0,0.0,0.0,0.0,0.0,0.0,0.0,0.0,0.0,0.0,0.0,0.1351802249763354,0.0,0.0,0.0,0.0,0.0,0.0,0.0,0.0,0.0,0.0,0.0,0.0,0.0,0.0,0.0,0.0,Kuru
0.0,0.0,0.0,0.0,0.0,0.0,0.0,0.0,0.0,0.2239153796401736,0.2239153796401736,0.0,0.0,0.0,0.0,0.4857655615863884,0.0,0.0,0.0,0.20597341668859104,0.0,0.0,0.20597341668859104,0.0,0.0,0.0,0.0,0.0,0.0,0.0,0.1920565490282498,0.20597341668859104,0.0,0.0,0.0,0.0,0.0,0.0,0.0,0.0,0.0,0.0,0.0,0.0,0.0,Kuru
0.0,0.0,0.0,0.0,0.0,0.0,0.0,0.0,0.0,0.1774767299339317,0.1774767299339317,0.0,0.0,0.0,0.0,0.5924145688620425,0.0,0.0,0.0,0.16325581791636648,0.0,0.0,0.16325581791636648,0.0,0.0,0.0,0.0,0.0,0.0,0.0,0.15222522159355137,0.16325581791636648,0.0,0.0,0.0,0.0,0.0,0.0,0.0,0.0,0.0,0.0,0.0,0.0,0.0,Kuru
0.0,0.0,0.0,0.0,0.0,0.0,0.0,0.0,0.0,0.0,0.0,0.0,0.0,0.03418648493095861,0.0,0.0,0.0,0.477494322586866,0.5043287732329874,0.0,0.5043287732329874,0.0,0.0,0.0,0.0,0.0,0.0,0.0,0.03144717936355288,0.0,0.0,0.0,0.0,0.4154045790284365,0.0,0.0,0.0,0.0,0.0,0.0,0.0,0.0,0.0,0.0,0.0,Kuru
0.0,0.0,0.0,0.0,0.0,0.0,0.0,0.0,0.0,0.0,0.0,0.0,0.0,0.44713968527276887,0.0,0.39245514809856163,0.0,0.0,0.0,0.0,0.0,0.0,0.0,0.0,0.0,0.0,0.0,0.0,0.41131113396808244,0.0,0.0,0.0,0.0,0.0,0.0,0.0,0.0,0.0,0.0,0.0,0.0,0.0,0.0,0.0,0.0,Kuru
0.0,0.0,0.0,0.0,0.0,0.0,0.0,0.0,0.0,0.3611823555028739,0.3611823555028739,0.0,0.0,0.12550201480321313,0.0,0.0,0.0,0.0,0.0,0.332241420531763,0.0,0.0,0.332241420531763,0.0,0.0,0.0,0.0,0.0,0.11544574933557654,0.0,0.3097930873674162,0.332241420531763,0.0,0.0,0.0,0.0,0.0,0.0,0.0,0.0,0.0,0.0,0.0,0.0,0.0,Kuru
0.0,0.0,0.0,0.0,0.0,0.0,0.0,0.0,0.0,0.028742867754025007,0.028742867754025007,0.02643975007986758,0.02643975007986758,0.0,0.0,0.9349484070147205,0.0,0.0,0.0,0.0,0.0,0.0,0.02643975007986758,0.0,0.0,0.0,0.0,0.0,0.0,0.021959592519310386,0.0,0.0,0.0,0.0,0.0,0.0,0.0,0.0,0.0,0.0,0.0,0.0,0.0,0.0,0.0,Kuru
0.0,0.0,0.0,0.0,0.0,0.0,0.0,0.0,0.0,0.41317743316571737,0.41317743316571737,0.0,0.0,0.0,0.0,0.051114462746666756,0.0,0.0,0.0,0.38007022002920954,0.0,0.0,0.38007022002920954,0.0,0.0,0.0,0.0,0.0,0.0,0.0,0.35439027045697785,0.38007022002920954,0.0,0.0,0.0,0.0,0.0,0.0,0.0,0.0,0.0,0.0,0.0,0.0,0.0,Kuru
0.0,0.0,0.0,0.0,0.0,0.0,0.0,0.0,0.0,0.01496499609266011,0.01496499609266011,0.0,0.0,0.0,0.0,0.0,0.0,0.48354466264974777,0.5107191331539693,0.013765876113065345,0.5107191331539693,0.0,0.013765876113065345,0.0,0.0,0.0,0.0,0.0,0.0,0.0,0.012835766397092496,0.013765876113065345,0.0,0.42066817871520146,0.0,0.0,0.0,0.0,0.0,0.0,0.0,0.0,0.0,0.0,0.0,Kuru
0.0,0.0,0.0,0.0,0.0,0.0,0.0,0.0,0.0,0.0,0.0,0.0,0.0,0.5949627170419608,0.0,0.19160265188353887,0.0,0.0,0.0,0.0,0.0,0.0,0.0,0.0,0.0,0.0,0.0,0.0,0.547289354703501,0.0,0.0,0.0,0.0,0.0,0.0,0.0,0.0,0.0,0.0,0.0,0.0,0.0,0.0,0.0,0.0,Kuru
0.02316006523634424,0.025177495636379648,0.0,0.0,0.02316006523634424,0.0,0.0,0.0,0.0,0.0,0.0,0.0,0.0,0.0,0.0,0.7046001700067486,0.0,0.6468483489774959,0.020316656787984427,0.0,0.020316656787984427,0.0,0.0,0.0,0.0,0.0,0.0,0.0,0.0,0.0,0.0,0.0,0.0,0.01673438579793066,0.0,0.0,0.0,0.0,0.0,0.0,0.0,0.0,0.0,0.0,0.0,Normal
0.0,0.0,0.0,0.0,0.0,0.0,0.0,0.0,0.24638146918085546,0.0,0.0,0.0,0.0,0.0,0.0,0.24638146918085546,0.27800122773317526,0.0,0.0,0.0,0.0,0.0,0.0,0.0,0.0,0.0,0.0,0.0,0.2642348478753047,0.0,0.0,0.0,0.0,0.0,0.0,0.0,0.0,0.0,0.0,0.287251856221889,0.287251856221889,0.287251856221889,0.287251856221889,0.0,0.0,Normal
0.0,0.0,0.0,0.0,0.0,0.0,0.0,0.0,0.3503156157179096,0.0,0.0,0.0,0.0,0.0,0.0,0.32028031657859074,0.0,0.0,0.0,0.0,0.0,0.0,0.0,0.0,0.0,0.0,0.0,0.0,0.34348857895021545,0.0,0.0,0.0,0.0,0.0,0.0,0.028257027844431515,0.032211727307874416,0.032211727307874416,0.0,0.37340923306614965,0.37340923306614965,0.37340923306614965,0.37340923306614965,0.0,0.0,Normal
0.0,0.0,0.00028015304903609316,0.00028015304903609316,0.0,0.0,0.0,0.0,0.0,0.0,0.0,0.0,0.0,0.0,0.0,0.0,0.0,0.0,0.0,0.0,0.0,0.6568557486018763,0.0,0.0,0.5189947405255574,0.0,0.0,0.0,0.00028015304903609316,0.5455529851716372,0.0,0.0,0.0,0.0,0.0,0.0,0.0,0.0,0.0,0.00030455666241197845,0.00030455666241197845,0.00030455666241197845,0.00030455666241197845,0.0,0.0,Normal
0.0,0.0,0.0,0.0,0.0,0.0,0.0,0.0,0.002657798791586674,0.0,0.0,0.0,0.0,0.0,0.0,0.7435660357095678,0.0,0.659953606595341,0.0,0.0,0.0,0.0,0.0,0.0,0.0,0.0,0.0,0.0,0.0028503891210363563,0.0,0.0,0.0,0.0,0.0,0.0,0.0,0.0,0.0,0.0,0.003098681239647738,0.003098681239647738,0.003098681239647738,0.003098681239647738,0.0,0.0,Normal
0.15704494261495577,0.17072483678494466,0.0,0.0,0.15704494261495577,0.0,0.0,0.0,0.0,0.0,0.0,0.0,0.0,0.0,0.0,0.46108829547857333,0.0,0.5411419457268261,0.13776421468752298,0.0,0.13776421468752298,0.0,0.0,0.0,0.0,0.0,0.0,0.0,0.0,0.0,0.0,0.0,0.0,0.11347337023940882,0.0,0.0,0.0,0.0,0.0,0.0,0.0,0.0,0.0,0.0,0.0,Normal
0.0,0.0,0.13970380497304932,0.13970380497304932,0.0,0.0,0.0,0.0,0.20872612267340937,0.0,0.0,0.0,0.0,0.0,0.0,0.20872612267340937,0.0,0.0,0.0,0.0,0.0,0.0,0.0,0.0,0.0,0.0,0.0,0.0,0.3635547116811583,0.0,0.0,0.0,0.0,0.0,0.0,0.0,0.0,0.0,0.0,0.3952232894652445,0.3952232894652445,0.3952232894652445,0.3952232894652445,0.0,0.0,Normal
0.002901108118068352,0.003153818274600901,0.0,0.0,0.002901108118068352,0.0,0.0,0.0,0.0,0.0,0.0,0.0,0.0,0.0,0.0,0.7414474728571405,0.0,0.6628434451564809,0.0025449331570593526,0.0,0.0025449331570593526,0.0,0.0,0.0,0.0,0.0,0.0,0.0,0.0,0.0,0.0,0.0,0.0,0.0020962057746313845,0.0,0.0,0.0,0.0,0.0,0.0,0.0,0.0,0.0,0.0,0.0,Normal
0.0,0.0,0.0,0.0,0.0,0.0,0.0,0.0,0.007870033001216028,0.0,0.0,0.0,0.0,0.0,0.0,0.007870033001216028,0.0,0.0,0.0,0.0,0.0,0.0,0.0,0.0,0.0,0.0,0.5790777257249402,0.5790777257249402,0.008440314037268231,0.0,0.0,0.0,0.0,0.0,0.0,0.0,0.5326772010368205,0.0,0.0,0.009175534165142031,0.009175534165142031,0.009175534165142031,0.009175534165142031,0.0,0.0,Normal
0.0,0.0,0.17095745716635252,0.42614557302213835,0.0,0.0,0.0,0.0,0.0,0.0,0.0,0.0,0.0,0.0,0.0,0.0,0.0,0.21194705029495095,0.22385815036817996,0.0,0.22385815036817996,0.0,0.0,0.0,0.0,0.2551881158557858,0.0,0.0,0.17095745716635252,0.0,0.0,0.0,0.0,0.0,0.0,0.0,0.0,0.0,0.0,0.18584924471878655,0.18584924471878655,0.18584924471878655,0.18584924471878655,0.0,0.0,Normal
0.0,0.0,0.0,0.0,0.0,0.0,0.0,0.0,0.0,0.0,0.0,0.0,0.0,0.0,0.0,0.0,0.0,0.0,0.0,0.0,0.0,0.3945120031611105,0.0,0.0,0.3117117497268312,0.0,0.0,0.0,0.0,0.32766281100332806,0.0,0.0,0.0,0.0,0.0,0.0,0.0,0.0,0.0,0.0,0.0,0.0,0.0,0.0,0.0,Normal
0.0,0.0,0.0,0.0,0.0,0.0,0.0,0.0,0.0,0.0,0.0,0.0,0.0,0.0,0.0,0.0,0.0,0.0,0.0,0.0,0.0,0.6266911851455501,0.0,0.0,0.49516112132163764,0.0,0.0,0.0,0.0,0.5204997407187636,0.0,0.0,0.0,0.0,0.0,0.0,0.0,0.0,0.0,0.0,0.0,0.0,0.0,0.0,0.0,Normal
0.0,0.0,0.009441183767586736,0.009441183767586736,0.0,0.0,0.0,0.0,0.47596953142266984,0.0,0.0,0.0,0.0,0.0,0.0,0.0,0.0,0.0,0.0,0.0,0.0,0.0,0.0,0.0,0.0,0.0,0.0,0.0,0.009441183767586736,0.0,0.0,0.0,0.0,0.0,0.0,0.4477892575707649,0.5104593991865104,0.5104593991865104,0.0,0.010263587804478669,0.010263587804478669,0.010263587804478669,0.010263587804478669,0.0,0.0,Normal
0.0,0.0,0.0,0.0,0.0,0.0,0.0,0.0,0.11377811338625866,0.0,0.0,0.0,0.0,0.0,0.0,0.0,0.7672286595696958,0.0,0.0,0.0,0.0,0.0,0.0,0.0,0.0,0.0,0.0,0.0,0.0,0.0,0.0,0.0,0.0,0.0,0.0,0.10704176120002888,0.12202274214092272,0.12202274214092272,0.0,0.0,0.0,0.0,0.0,0.0,0.0,Normal
0.0,0.0,0.0,0.0,0.0,0.0,0.0,0.0,0.0,0.0,0.0,0.0,0.0,0.0,0.0,0.6790660489141596,0.0,0.6048685461529812,0.0,0.0,0.0,0.0,0.0,0.0,0.0,0.0,0.0,0.0,0.0,0.0,0.0,0.0,0.0,0.0,0.0,0.0,0.0,0.0,0.0,0.0,0.0,0.0,0.0,0.0,0.0,Normal
0.0,0.0,0.2224580443465277,0.2224580443465277,0.0,0.0,0.0,0.0,0.0,0.0,0.0,0.0,0.0,0.0,0.0,0.2849603457656068,0.0,0.2538244259598993,0.0,0.0,0.0,0.0,0.0,0.0,0.0,0.0,0.0,0.0,0.2224580443465277,0.0,0.0,0.0,0.0,0.0,0.0,0.0,0.0,0.0,0.0,0.24183595269079414,0.24183595269079414,0.24183595269079414,0.24183595269079414,0.0,0.0,Normal
0.0,0.0,0.22215298480072757,0.22215298480072757,0.0,0.0,0.0,0.0,0.18694657051802688,0.0,0.0,0.0,0.0,0.0,0.0,0.0,0.0,0.0,0.0,0.0,0.0,0.0,0.0,0.0,0.0,0.0,0.0,0.0,0.22215298480072757,0.0,0.0,0.0,0.0,0.0,0.0,0.17587820331156762,0.2004931571593985,0.2004931571593985,0.0,0.24150431997280136,0.24150431997280136,0.24150431997280136,0.24150431997280136,0.0,0.0,Normal
0.0,0.0,0.0,0.00815450702865339,0.0,0.0,0.0,0.0,0.0,0.0,0.0,0.0,0.0,0.0,0.0,0.7342021520156466,0.0,0.6607529993787893,0.007153361568100203,0.0,0.007153361568100203,0.0,0.0,0.0,0.0,0.00815450702865339,0.0,0.0,0.0,0.0,0.0,0.0,0.0,0.0,0.0,0.0,0.0,0.0,0.0,0.0,0.0,0.0,0.0,0.0,0.0,Normal
0.0,0.0,0.19182659722361214,0.19182659722361214,0.0,0.0,0.0,0.0,0.0,0.0,0.0,0.0,0.0,0.0,0.0,0.0,0.0,0.0,0.0,0.0,0.0,0.0,0.0,0.0,0.0,0.0,0.0,0.0,0.19182659722361214,0.0,0.0,0.0,0.0,0.0,0.0,0.0,0.0,0.0,0.0,0.20853625692556166,0.20853625692556166,0.20853625692556166,0.20853625692556166,0.0,0.0,Normal
0.0,0.0,0.0,0.0,0.0,0.0,0.0,0.0,0.0,0.0,0.0,0.03098739307305555,0.03098739307305555,0.6944603814193763,0.0,0.0,0.0,0.0,0.0,0.0,0.0,0.6388144384975849,0.0,0.0,0.024483753185909132,0.0,0.0,0.0,0.0,0.025736647398877727,0.0,0.0,0.0,0.0,0.0,0.0,0.0,0.0,0.0,0.0,0.0,0.0,0.0,0.0,0.0,Yağlı
0.0,0.0,0.0,0.0,0.0,0.0,0.0,0.0,0.0,0.0,0.0,0.0,0.0,0.0,0.0,0.0,0.0,0.0,0.0,0.0,0.0,0.0,0.0,0.0,0.0,0.0,0.0,0.0,0.0,0.0942249427925646,0.0,0.0,0.0,0.0,0.0,0.8215190127360243,0.0,0.1134485504015838,0.12333084356805296,0.0,0.0,0.0,0.0,0.12333084356805296,0.12333084356805296,Yağlı
0.0,0.0,0.0,0.05175271926391645,0.0,0.0,0.0,0.0,0.0,0.0,0.0,0.5155555333787145,0.5155555333787145,0.0,0.0,0.02412798900084029,0.0,0.0,0.0,0.0,0.0,0.0,0.0,0.0,0.40735064105311986,0.0,0.0,0.0,0.0,0.42819578096893257,0.0,0.0,0.0,0.0,0.0,0.022699466180257366,0.0,0.0,0.0,0.0,0.0,0.0,0.0,0.0,0.0,Yağlı
0.45579079422041496,0.49549388637205405,0.0,0.0,0.45579079422041496,0.0,0.0,0.0,0.0,0.0,0.0,0.0,0.0,0.0,0.0,0.0,0.000648573449018278,0.0,0.0,0.0,0.0,0.0,0.0,0.0,0.36012933659158397,0.45579079422041496,0.0,0.0,0.0,0.0,0.0,0.0,0.0,0.000431078550103446,0.0,0.0,0.0,0.0,0.0,0.0,0.0,0.0,0.0,0.0,0.0,Yağlı
0.0,0.0,0.0,0.0,0.0,0.0,0.0,0.0,0.0,0.0,0.0,0.0,0.0,0.0,0.0,0.0,0.0,0.0,0.0,0.0,0.0,0.0,0.0,0.0,0.0,0.0,0.0,0.0,0.0,0.3601665354393932,0.0,0.0,0.007788440708782485,0.0,0.0,0.0,0.0,0.4336470804626922,0.471421274709743,0.0,0.0,0.0,0.0,0.471421274709743,0.471421274709743,Yağlı
0.0,0.0,0.0,0.5200611240390339,0.0,0.0,0.0,0.0,0.0,0.0,0.0,0.0,0.0,0.0,0.0,0.24246125148688155,0.0,0.0,0.0,0.0,0.0,0.0,0.0,0.0,0.0,0.0,0.0,0.0,0.0,0.13885179841818002,0.0,0.0,0.0,0.0,0.0,0.22810607953931328,0.0,0.16718009886060137,0.18174284772510063,0.0,0.0,0.0,0.0,0.18174284772510063,0.18174284772510063,Yağlı
0.0,0.0,0.3719725586793265,0.0,0.0,0.0,0.0,0.0,0.0,0.0,0.0,0.0,0.0,0.0,0.0,0.0,0.3234238532976811,0.0,0.0,0.0,0.0,0.0,0.0,0.4043743995291099,0.0,0.0,0.0,0.0,0.0,0.0,0.0,0.0,0.0,0.4837358298759969,0.0,0.0,0.0,0.0,0.0,0.0,0.0,0.0,0.0,0.0,0.0,Yağlı
0.0,0.0,0.0,0.0,0.0,0.0,0.0,0.0,0.0,0.0,0.0,0.003881585681414368,0.003881585681414368,0.7307774206155396,0.0,0.0,0.0,0.0,0.0,0.0,0.0,0.6722214543946973,0.0,0.0,0.003066917748442179,0.0,0.0,0.0,0.0,0.003223859515886777,0.0,0.0,0.0,0.0,0.0,0.0,0.0,0.0,0.0,0.0,0.0,0.0,0.0,0.0,0.0,Yağlı
0.0,0.0,0.0,0.0,0.0,0.0,0.0,0.0,0.0,0.0,0.0,0.5366406891134216,0.5366406891134216,0.0,0.0,0.0,0.019206898613265345,0.0,0.0,0.0,0.0,0.0,0.0,0.0,0.42401044033594215,0.0,0.0,0.0,0.0,0.4457081033903511,0.0,0.0,0.0,0.012765989756014473,0.0,0.0,0.0,0.0,0.0,0.0,0.0,0.0,0.0,0.0,0.0,Yağlı
0.0,0.0,0.0,0.0,0.0,0.0,0.0,0.0,0.0,0.0,0.0,0.0,0.0,0.0,0.0,0.0,0.39577819342416265,0.0,0.0,0.0,0.0,0.0,0.0,0.0,0.0,0.0,0.0,0.0,0.0,0.19048989048934736,0.0,0.0,0.0,0.26305654362215664,0.0,0.0,0.0,0.22935330393088066,0.24933184557041863,0.0,0.0,0.0,0.0,0.24933184557041863,0.24933184557041863,Yağlı
0.46928723350116014,0.2975969778490941,0.0,0.0,0.46928723350116014,0.21256899763972023,0.0,0.0,0.0,0.0,0.0,0.0,0.0,0.0,0.0,0.0,0.0,0.0,0.0,0.0,0.0,0.0,0.0,0.0,0.2162961141441425,0.46928723350116014,0.0,0.0,0.0,0.0,0.0,0.0,0.0,0.0,0.0,0.0,0.0,0.0,0.0,0.0,0.0,0.0,0.0,0.0,0.0,Yağlı
0.4576796662183231,0.4727394889118735,0.0,0.0,0.4576796662183231,0.02480780560042975,0.0,0.0,0.0,0.0,0.0,0.0,0.0,0.0,0.0,0.0,0.0,0.0,0.0,0.0,0.0,0.0,0.0,0.0,0.3435912393773572,0.4576796662183231,0.0,0.0,0.0,0.0,0.0,0.0,0.0,0.0,0.0,0.0,0.0,0.0,0.0,0.0,0.0,0.0,0.0,0.0,0.0,Yağlı
0.0,0.0,0.0,0.0,0.0,0.0,0.0,0.0,0.0,0.0,0.0,0.5348927567672181,0.5348927567672181,0.0,0.0,0.0,0.02185698545858139,0.0,0.0,0.0,0.0,0.0,0.0,0.0,0.4226293643593598,0.0,0.0,0.0,0.0,0.4442563543398495,0.0,0.0,0.0,0.01452738716852997,0.0,0.0,0.0,0.0,0.0,0.0,0.0,0.0,0.0,0.0,0.0,Yağlı
0.0,0.0,0.0,0.0,0.0,0.0,0.0,0.0,0.0,0.0,0.0,0.1278634129101533,0.1278634129101533,0.0,0.0,0.0,0.0,0.0,0.0,0.0,0.0,0.0,0.0,0.0,0.10102741575645191,0.0,0.0,0.0,0.0,0.3662395309450448,0.0,0.0,0.0,0.0,0.0,0.2746562715489982,0.0,0.3130956649525084,0.34036884860499955,0.0,0.0,0.0,0.0,0.34036884860499955,0.34036884860499955,Yağlı
0.0,0.0,0.05510166457585071,0.0,0.0,0.0,0.0,0.0,0.0,0.0,0.0,0.0,0.0,0.6692937177880035,0.0,0.0,0.0,0.0,0.0,0.0,0.0,0.6156643373158958,0.0,0.05990146855193927,0.0,0.0,0.0,0.0,0.0,0.0,0.0,0.0,0.0,0.03981389964625182,0.0,0.0,0.0,0.0,0.0,0.0,0.0,0.0,0.0,0.0,0.0,Yağlı
0.0,0.0,0.0,0.0,0.0,0.0,0.0,0.0,0.0,0.0,0.0,0.0,0.0,0.2808595269113904,0.0,0.0,0.5150055713478968,0.0,0.0,0.0,0.0,0.2583547251664589,0.0,0.0,0.0,0.0,0.0,0.0,0.0,0.0,0.0,0.0,0.0,0.34230179377199815,0.0,0.0,0.0,0.0,0.0,0.0,0.0,0.0,0.0,0.0,0.0,Yağlı
0.0,0.0,0.0,0.0,0.0,0.0,0.0,0.0,0.0,0.0,0.0,0.210089847922988,0.210089847922988,0.0,0.0,0.0,0.5142993376572185,0.0,0.0,0.0,0.0,0.0,0.0,0.0,0.1659961511213506,0.0,0.0,0.0,0.0,0.1744905847784704,0.0,0.0,0.0,0.3418323909682407,0.0,0.0,0.0,0.0,0.0,0.0,0.0,0.0,0.0,0.0,0.0,Yağlı
0.0,0.0,0.01019801860952585,0.0,0.0,0.0,0.0,0.0,0.0,0.0,0.0,0.0,0.0,0.0,0.0,0.0,0.0,0.0,0.0,0.0,0.0,0.0,0.0,0.0110863491281592,0.0,0.0,0.0,0.0,0.0,0.35690660763013654,0.0,0.0,0.0,0.007368613863767359,0.0,0.0,0.0,0.4297220678979389,0.46715436156794693,0.0,0.0,0.0,0.0,0.46715436156794693,0.46715436156794693,Yağlı
0.2129120384488002,0.2314584118945046,0.0,0.0,0.2129120384488002,0.0,0.0,0.0,0.0,0.0,0.0,0.0,0.0,0.0,0.0,0.0,0.44409167846939795,0.0,0.0,0.0,0.0,0.0,0.0,0.0,0.16822601976872903,0.2129120384488002,0.0,0.0,0.0,0.0,0.0,0.0,0.0,0.295168414860903,0.0,0.0,0.0,0.0,0.0,0.0,0.0,0.0,0.0,0.0,0.0,Yağlı
